1741994784.2756224, LOAD, test_files/antihero.txt, temp0.txt
1741994784.2787814, LOAD, test_files/ipanema.txt, temp1.txt
1741994784.285247, LOAD, test_files/unforgettable.txt, temp2.txt
1741994784.288684, LOAD, test_files/small_binary.dat, temp3.txt
1741994784.3239532, LOAD, test_files/large_binary.dat, temp4.txt
1741994784.3720553, REQUEST, 0, temp4.txt, 200, False
1741994784.3804018, REQUEST, 0, temp2.txt, 200, False
1741994784.388192, REQUEST, 0, temp2.txt, 200, False
1741994784.392159, REQUEST, 1, temp1.txt, 200, False
1741994784.396184, REQUEST, 0, temp0.txt, 200, False
1741994784.400028, REQUEST, 1, temp3.txt, 200, False
1741994784.4039717, REQUEST, 1, temp0.txt, 200, False
1741994784.4129665, REQUEST, 1, temp2.txt, 200, False
1741994784.4211848, REQUEST, 0, temp2.txt, 200, False
1741994784.4249043, REQUEST, 1, temp1.txt, 200, False
1741994784.428469, REQUEST, 0, temp0.txt, 200, False
1741994784.4324443, REQUEST, 1, temp1.txt, 200, False
1741994784.4360964, REQUEST, 1, temp3.txt, 200, False
1741994784.4397333, REQUEST, 0, temp0.txt, 200, False
1741994784.4435883, REQUEST, 0, temp3.txt, 200, False
1741994784.447409, REQUEST, 0, temp3.txt, 200, False
1741994784.4511068, REQUEST, 1, temp1.txt, 200, False
1741994784.4591134, REQUEST, 0, temp2.txt, 200, False
1741994784.462881, REQUEST, 0, temp1.txt, 200, False
1741994784.466636, REQUEST, 0, temp1.txt, 200, False
1741994784.4747617, REQUEST, 1, temp2.txt, 200, False
1741994784.4826918, REQUEST, 0, temp2.txt, 200, False
1741994784.5232928, REQUEST, 0, temp4.txt, 200, False
1741994784.5272057, REQUEST, 0, temp1.txt, 200, False
1741994784.5311396, REQUEST, 0, temp1.txt, 200, False
1741994784.5347157, REQUEST, 0, temp0.txt, 200, False
1741994784.5383887, REQUEST, 1, temp0.txt, 200, False
1741994784.5420675, REQUEST, 0, temp0.txt, 200, False
1741994784.545654, REQUEST, 1, temp1.txt, 200, False
1741994784.5493112, REQUEST, 1, temp0.txt, 200, False
1741994784.5528445, REQUEST, 1, temp1.txt, 200, False
1741994784.5611343, REQUEST, 0, temp2.txt, 200, False
1741994784.5654054, REQUEST, 0, temp0.txt, 200, False
1741994784.5690749, REQUEST, 0, temp3.txt, 200, False
1741994784.5770974, REQUEST, 0, temp2.txt, 200, False
1741994784.5810163, REQUEST, 0, temp0.txt, 200, False
1741994784.5849574, REQUEST, 1, temp1.txt, 200, False
1741994784.5886052, REQUEST, 0, temp0.txt, 200, False
1741994784.592324, REQUEST, 1, temp1.txt, 200, False
1741994784.596057, REQUEST, 1, temp3.txt, 200, False
1741994784.5997431, REQUEST, 0, temp1.txt, 200, False
1741994784.6031396, REQUEST, 0, temp0.txt, 200, False
1741994784.6065784, REQUEST, 1, temp0.txt, 200, False
1741994784.6101, REQUEST, 0, temp0.txt, 200, False
1741994784.613694, REQUEST, 1, temp3.txt, 200, False
1741994784.6171505, REQUEST, 0, temp1.txt, 200, False
1741994784.6206567, REQUEST, 0, temp0.txt, 200, False
1741994784.6285305, REQUEST, 1, temp2.txt, 200, False
1741994784.6320608, REQUEST, 1, temp0.txt, 200, False
1741994784.6398873, REQUEST, 1, temp2.txt, 200, False
1741994784.6477478, REQUEST, 1, temp2.txt, 200, False
1741994784.6513922, REQUEST, 0, temp3.txt, 200, False
1741994784.6548517, REQUEST, 0, temp1.txt, 200, False
1741994784.6583486, REQUEST, 1, temp0.txt, 200, False
1741994784.661739, REQUEST, 1, temp0.txt, 200, False
1741994784.6654942, REQUEST, 1, temp1.txt, 200, False
1741994784.6690094, REQUEST, 1, temp0.txt, 200, False
1741994784.6725264, REQUEST, 0, temp0.txt, 200, False
1741994784.6759088, REQUEST, 1, temp0.txt, 200, False
1741994784.679439, REQUEST, 0, temp0.txt, 200, False
1741994784.6829817, REQUEST, 1, temp0.txt, 200, False
1741994784.686503, REQUEST, 0, temp0.txt, 200, False
1741994784.689867, REQUEST, 1, temp0.txt, 200, False
1741994784.693628, REQUEST, 0, temp1.txt, 200, False
1741994784.6971247, REQUEST, 0, temp1.txt, 200, False
1741994784.7005708, REQUEST, 1, temp0.txt, 200, False
1741994784.7043521, REQUEST, 0, temp1.txt, 200, False
1741994784.7120385, REQUEST, 0, temp2.txt, 200, False
1741994784.715527, REQUEST, 0, temp1.txt, 200, False
1741994784.719093, REQUEST, 1, temp1.txt, 200, False
1741994784.7226257, REQUEST, 0, temp0.txt, 200, False
1741994784.7262418, REQUEST, 1, temp1.txt, 200, False
1741994784.734251, REQUEST, 0, temp2.txt, 200, False
1741994784.7381206, REQUEST, 1, temp0.txt, 200, False
1741994784.7423117, REQUEST, 0, temp1.txt, 200, False
1741994784.745979, REQUEST, 1, temp3.txt, 200, False
1741994784.7496867, REQUEST, 1, temp1.txt, 200, False
1741994784.7577128, REQUEST, 0, temp2.txt, 200, False
1741994784.761203, REQUEST, 0, temp0.txt, 200, False
1741994784.7647767, REQUEST, 1, temp3.txt, 200, False
1741994784.7685988, REQUEST, 1, temp1.txt, 200, False
1741994784.7770145, REQUEST, 0, temp2.txt, 200, False
1741994784.782812, REQUEST, 1, temp0.txt, 200, False
1741994784.786334, REQUEST, 0, temp1.txt, 200, False
1741994784.8116798, REQUEST, 1, temp0.txt, 200, False
1741994784.815271, REQUEST, 0, temp1.txt, 200, False
1741994784.8225024, REQUEST, 1, temp2.txt, 200, False
1741994784.82973, REQUEST, 1, temp2.txt, 200, False
1741994784.8333783, REQUEST, 0, temp3.txt, 200, False
1741994784.8409176, REQUEST, 0, temp2.txt, 200, False
1741994784.8442655, REQUEST, 1, temp1.txt, 200, False
1741994784.8518295, REQUEST, 0, temp2.txt, 200, False
1741994784.8553452, REQUEST, 1, temp3.txt, 200, False
1741994784.8784328, REQUEST, 1, temp0.txt, 200, False
1741994784.8864121, REQUEST, 1, temp2.txt, 200, False
1741994784.890153, REQUEST, 0, temp0.txt, 200, False
1741994784.8939168, REQUEST, 0, temp1.txt, 200, False
1741994784.8976922, REQUEST, 0, temp0.txt, 200, False
1741994784.9011085, REQUEST, 0, temp3.txt, 200, False
1741994784.904741, REQUEST, 1, temp1.txt, 200, False
1741994784.9084184, REQUEST, 0, temp0.txt, 200, False
1741994784.9123003, REQUEST, 0, temp0.txt, 200, False
1741994784.917012, REQUEST, 1, temp1.txt, 200, False
1741994784.9209619, REQUEST, 0, temp0.txt, 200, False
1741994784.9249856, REQUEST, 1, temp0.txt, 200, False
1741994784.9290302, REQUEST, 1, temp0.txt, 200, False
1741994784.9331727, REQUEST, 1, temp1.txt, 200, False
1741994784.9432073, REQUEST, 0, temp2.txt, 200, False
1741994784.9902923, REQUEST, 1, temp4.txt, 200, False
1741994784.998916, REQUEST, 1, temp2.txt, 200, False
1741994785.0031, REQUEST, 1, temp1.txt, 200, False
1741994785.0071824, REQUEST, 0, temp1.txt, 200, False
1741994785.0158868, REQUEST, 0, temp2.txt, 200, False
1741994785.0236244, REQUEST, 0, temp2.txt, 200, False
1741994785.027352, REQUEST, 1, temp0.txt, 200, False
1741994785.0310714, REQUEST, 0, temp1.txt, 200, False
1741994785.0347576, REQUEST, 0, temp0.txt, 200, False
1741994785.038511, REQUEST, 1, temp1.txt, 200, False
1741994785.0468884, REQUEST, 0, temp2.txt, 200, False
1741994785.0506294, REQUEST, 1, temp1.txt, 200, False
1741994785.0541265, REQUEST, 1, temp1.txt, 200, False
1741994785.057797, REQUEST, 0, temp0.txt, 200, False
1741994785.0615335, REQUEST, 0, temp1.txt, 200, False
1741994785.065574, REQUEST, 1, temp3.txt, 200, False
1741994785.0696774, REQUEST, 1, temp0.txt, 200, False
1741994785.0736842, REQUEST, 0, temp3.txt, 200, False
1741994785.0773904, REQUEST, 1, temp3.txt, 200, False
1741994785.08552, REQUEST, 1, temp2.txt, 200, False
1741994785.0894542, REQUEST, 0, temp1.txt, 200, False
1741994785.093108, REQUEST, 0, temp1.txt, 200, False
1741994785.096673, REQUEST, 0, temp1.txt, 200, False
1741994785.1049814, REQUEST, 1, temp2.txt, 200, False
1741994785.144509, REQUEST, 0, temp4.txt, 200, False
1741994785.1528587, REQUEST, 1, temp2.txt, 200, False
1741994785.1568305, REQUEST, 0, temp1.txt, 200, False
1741994785.160772, REQUEST, 0, temp0.txt, 200, False
1741994785.1695352, REQUEST, 1, temp2.txt, 200, False
1741994785.1739876, REQUEST, 0, temp3.txt, 200, False
1741994785.1826527, REQUEST, 1, temp2.txt, 200, False
1741994785.186666, REQUEST, 0, temp3.txt, 200, False
1741994785.1903102, REQUEST, 1, temp1.txt, 200, False
1741994785.1941087, REQUEST, 1, temp0.txt, 200, False
1741994785.1977162, REQUEST, 1, temp1.txt, 200, False
1741994785.2017379, REQUEST, 0, temp1.txt, 200, False
1741994785.2058609, REQUEST, 1, temp0.txt, 200, False
1741994785.210061, REQUEST, 0, temp0.txt, 200, False
1741994785.2188785, REQUEST, 0, temp2.txt, 200, False
1741994785.2231436, REQUEST, 0, temp1.txt, 200, False
1741994785.22741, REQUEST, 1, temp0.txt, 200, False
1741994785.2310357, REQUEST, 0, temp1.txt, 200, False
1741994785.2394068, REQUEST, 1, temp2.txt, 200, False
1741994785.243395, REQUEST, 1, temp0.txt, 200, False
1741994785.25171, REQUEST, 1, temp2.txt, 200, False
1741994785.259264, REQUEST, 0, temp2.txt, 200, False
1741994785.263045, REQUEST, 0, temp1.txt, 200, False
1741994785.2671595, REQUEST, 1, temp0.txt, 200, False
1741994785.270856, REQUEST, 0, temp1.txt, 200, False
1741994785.274509, REQUEST, 0, temp1.txt, 200, False
1741994785.2802591, REQUEST, 0, temp0.txt, 200, False
1741994785.2862103, REQUEST, 1, temp0.txt, 200, False
1741994785.2955847, REQUEST, 0, temp2.txt, 200, False
1741994785.2998044, REQUEST, 1, temp3.txt, 200, False
1741994785.3037467, REQUEST, 1, temp0.txt, 200, False
1741994785.3075352, REQUEST, 0, temp3.txt, 200, False
1741994785.31333, REQUEST, 1, temp0.txt, 200, False
1741994785.3178074, REQUEST, 1, temp3.txt, 200, False
1741994785.3221083, REQUEST, 1, temp0.txt, 200, False
1741994785.3257594, REQUEST, 1, temp0.txt, 200, False
1741994785.3294044, REQUEST, 1, temp1.txt, 200, False
1741994785.338024, REQUEST, 1, temp2.txt, 200, False
1741994785.3419297, REQUEST, 0, temp3.txt, 200, False
1741994785.3456762, REQUEST, 1, temp3.txt, 200, False
1741994785.3491247, REQUEST, 1, temp0.txt, 200, False
1741994785.3530705, REQUEST, 1, temp0.txt, 200, False
1741994785.3568006, REQUEST, 1, temp1.txt, 200, False
1741994785.3603482, REQUEST, 1, temp0.txt, 200, False
1741994785.3641422, REQUEST, 1, temp1.txt, 200, False
1741994785.3726218, REQUEST, 1, temp2.txt, 200, False
1741994785.3760831, REQUEST, 1, temp0.txt, 200, False
1741994785.379778, REQUEST, 1, temp1.txt, 200, False
1741994785.3878546, REQUEST, 1, temp2.txt, 200, False
1741994785.3916667, REQUEST, 0, temp0.txt, 200, False
1741994785.3953223, REQUEST, 0, temp0.txt, 200, False
1741994785.4032762, REQUEST, 1, temp2.txt, 200, False
1741994785.4436364, REQUEST, 0, temp4.txt, 200, False
1741994785.4477813, REQUEST, 1, temp0.txt, 200, False
1741994785.4514644, REQUEST, 0, temp0.txt, 200, False
1741994785.4550614, REQUEST, 1, temp0.txt, 200, False
1741994785.4589074, REQUEST, 1, temp0.txt, 200, False
1741994785.4625645, REQUEST, 0, temp1.txt, 200, False
1741994785.46608, REQUEST, 0, temp1.txt, 200, False
1741994785.4701111, REQUEST, 0, temp3.txt, 200, False
1741994785.473908, REQUEST, 1, temp1.txt, 200, False
1741994785.4775705, REQUEST, 0, temp1.txt, 200, False
1741994785.4812999, REQUEST, 0, temp3.txt, 200, False
1741994785.4851267, REQUEST, 0, temp1.txt, 200, False
1741994785.4932792, REQUEST, 1, temp2.txt, 200, False
1741994785.4968019, REQUEST, 0, temp0.txt, 200, False
1741994785.5003817, REQUEST, 1, temp3.txt, 200, False
1741994785.5040138, REQUEST, 0, temp3.txt, 200, False
1741994785.5074396, REQUEST, 0, temp0.txt, 200, False
1741994785.511104, REQUEST, 1, temp1.txt, 200, False
1741994785.5191724, REQUEST, 0, temp2.txt, 200, False
1741994785.522728, REQUEST, 0, temp3.txt, 200, False
1741994785.5265517, REQUEST, 0, temp1.txt, 200, False
1741994785.530061, REQUEST, 1, temp0.txt, 200, False
1741994785.533646, REQUEST, 1, temp1.txt, 200, False
1741994785.5372453, REQUEST, 0, temp1.txt, 200, False
1741994785.540872, REQUEST, 0, temp3.txt, 200, False
1741994785.5443532, REQUEST, 1, temp1.txt, 200, False
1741994785.552128, REQUEST, 0, temp2.txt, 200, False
1741994785.5560708, REQUEST, 1, temp1.txt, 200, False
1741994785.5597034, REQUEST, 0, temp0.txt, 200, False
1741994785.5633733, REQUEST, 0, temp1.txt, 200, False
1741994785.5670164, REQUEST, 0, temp1.txt, 200, False
1741994785.5706258, REQUEST, 0, temp1.txt, 200, False
1741994785.574406, REQUEST, 0, temp1.txt, 200, False
1741994785.5823784, REQUEST, 0, temp2.txt, 200, False
1741994785.586025, REQUEST, 1, temp3.txt, 200, False
1741994785.5897262, REQUEST, 1, temp1.txt, 200, False
1741994785.5933135, REQUEST, 0, temp0.txt, 200, False
1741994785.6011453, REQUEST, 1, temp2.txt, 200, False
1741994785.6047382, REQUEST, 1, temp3.txt, 200, False
1741994785.6083848, REQUEST, 0, temp1.txt, 200, False
1741994785.6119685, REQUEST, 0, temp1.txt, 200, False
1741994785.619928, REQUEST, 1, temp2.txt, 200, False
1741994785.6237369, REQUEST, 1, temp1.txt, 200, False
1741994785.6274102, REQUEST, 1, temp1.txt, 200, False
1741994785.635653, REQUEST, 0, temp2.txt, 200, False
1741994785.6395147, REQUEST, 1, temp3.txt, 200, False
1741994785.6429355, REQUEST, 0, temp0.txt, 200, False
1741994785.6488364, REQUEST, 0, temp1.txt, 200, False
1741994785.6522884, REQUEST, 0, temp0.txt, 200, False
1741994785.6558566, REQUEST, 1, temp3.txt, 200, False
1741994785.6594641, REQUEST, 0, temp3.txt, 200, False
1741994785.6632948, REQUEST, 1, temp1.txt, 200, False
1741994785.6669002, REQUEST, 0, temp0.txt, 200, False
1741994785.6750312, REQUEST, 1, temp2.txt, 200, False
1741994785.6787589, REQUEST, 1, temp1.txt, 200, False
1741994785.6822622, REQUEST, 0, temp0.txt, 200, False
1741994785.6858232, REQUEST, 0, temp1.txt, 200, False
1741994785.6896482, REQUEST, 1, temp0.txt, 200, False
1741994785.6933692, REQUEST, 1, temp3.txt, 200, False
1741994785.6968925, REQUEST, 0, temp0.txt, 200, False
1741994785.700226, REQUEST, 1, temp0.txt, 200, False
1741994785.7081437, REQUEST, 0, temp2.txt, 200, False
1741994785.7118073, REQUEST, 1, temp1.txt, 200, False
1741994785.751662, REQUEST, 0, temp4.txt, 200, False
1741994785.7555594, REQUEST, 1, temp1.txt, 200, False
1741994785.7591105, REQUEST, 0, temp3.txt, 200, False
1741994785.7631829, REQUEST, 0, temp3.txt, 200, False
1741994785.7677796, REQUEST, 0, temp0.txt, 200, False
1741994785.771861, REQUEST, 0, temp0.txt, 200, False
1741994785.7757185, REQUEST, 0, temp1.txt, 200, False
1741994785.7840834, REQUEST, 0, temp2.txt, 200, False
1741994785.7881382, REQUEST, 1, temp1.txt, 200, False
1741994785.7962103, REQUEST, 0, temp2.txt, 200, False
1741994785.8001485, REQUEST, 0, temp0.txt, 200, False
1741994785.808275, REQUEST, 0, temp2.txt, 200, False
1741994785.8119226, REQUEST, 1, temp0.txt, 200, False
1741994785.8157144, REQUEST, 0, temp0.txt, 200, False
1741994785.8200436, REQUEST, 1, temp3.txt, 200, False
1741994785.8238595, REQUEST, 0, temp1.txt, 200, False
1741994785.8278441, REQUEST, 1, temp1.txt, 200, False
1741994785.8319993, REQUEST, 1, temp1.txt, 200, False
1741994785.835584, REQUEST, 1, temp0.txt, 200, False
1741994785.839364, REQUEST, 1, temp1.txt, 200, False
1741994785.8428428, REQUEST, 0, temp0.txt, 200, False
1741994785.846524, REQUEST, 1, temp0.txt, 200, False
1741994785.8500602, REQUEST, 0, temp0.txt, 200, False
1741994785.8537002, REQUEST, 0, temp0.txt, 200, False
1741994785.857383, REQUEST, 1, temp1.txt, 200, False
1741994785.8610013, REQUEST, 1, temp1.txt, 200, False
1741994785.8646345, REQUEST, 1, temp0.txt, 200, False
1741994785.8683248, REQUEST, 1, temp3.txt, 200, False
1741994785.87198, REQUEST, 1, temp1.txt, 200, False
1741994785.8798301, REQUEST, 0, temp2.txt, 200, False
1741994785.88352, REQUEST, 0, temp0.txt, 200, False
1741994785.8872156, REQUEST, 1, temp1.txt, 200, False
1741994785.8908086, REQUEST, 1, temp0.txt, 200, False
1741994785.8991244, REQUEST, 1, temp2.txt, 200, False
1741994785.9026062, REQUEST, 1, temp0.txt, 200, False
1741994785.9107838, REQUEST, 1, temp2.txt, 200, False
1741994785.919317, REQUEST, 0, temp2.txt, 200, False
1741994785.922986, REQUEST, 1, temp1.txt, 200, False
1741994785.9262948, REQUEST, 1, temp0.txt, 200, False
1741994785.9296393, REQUEST, 1, temp0.txt, 200, False
1741994785.9331985, REQUEST, 1, temp1.txt, 200, False
1741994785.936846, REQUEST, 1, temp0.txt, 200, False
1741994785.9452827, REQUEST, 1, temp2.txt, 200, False
1741994785.9491153, REQUEST, 0, temp1.txt, 200, False
1741994785.9527326, REQUEST, 0, temp3.txt, 200, False
1741994785.956628, REQUEST, 0, temp1.txt, 200, False
1741994785.9649394, REQUEST, 1, temp2.txt, 200, False
1741994785.9726791, REQUEST, 1, temp2.txt, 200, False
1741994785.9804862, REQUEST, 0, temp2.txt, 200, False
1741994785.9844337, REQUEST, 0, temp1.txt, 200, False
1741994785.9921832, REQUEST, 0, temp2.txt, 200, False
1741994785.9959178, REQUEST, 1, temp1.txt, 200, False
1741994785.9995525, REQUEST, 0, temp1.txt, 200, False
1741994786.0081642, REQUEST, 0, temp2.txt, 200, False
1741994786.0119064, REQUEST, 1, temp0.txt, 200, False
1741994786.0156248, REQUEST, 1, temp3.txt, 200, False
1741994786.0191913, REQUEST, 1, temp1.txt, 200, False
1741994786.022713, REQUEST, 0, temp0.txt, 200, False
1741994786.063198, REQUEST, 1, temp4.txt, 200, False
1741994786.066933, REQUEST, 1, temp0.txt, 200, False
1741994786.0707123, REQUEST, 0, temp1.txt, 200, False
1741994786.0743122, REQUEST, 1, temp3.txt, 200, False
1741994786.0782342, REQUEST, 0, temp3.txt, 200, False
1741994786.0817447, REQUEST, 1, temp0.txt, 200, False
1741994786.085312, REQUEST, 1, temp0.txt, 200, False
1741994786.0888247, REQUEST, 1, temp0.txt, 200, False
1741994786.092244, REQUEST, 1, temp0.txt, 200, False
1741994786.0958412, REQUEST, 0, temp1.txt, 200, False
1741994786.0996196, REQUEST, 1, temp3.txt, 200, False
1741994786.1029656, REQUEST, 0, temp0.txt, 200, False
1741994786.1065054, REQUEST, 0, temp1.txt, 200, False
1741994786.1100943, REQUEST, 0, temp3.txt, 200, False
1741994786.1138625, REQUEST, 0, temp3.txt, 200, False
1741994786.1174297, REQUEST, 0, temp0.txt, 200, False
1741994786.125784, REQUEST, 0, temp2.txt, 200, False
1741994786.133579, REQUEST, 0, temp2.txt, 200, False
1741994786.1371217, REQUEST, 0, temp0.txt, 200, False
1741994786.140879, REQUEST, 1, temp0.txt, 200, False
1741994786.144608, REQUEST, 0, temp3.txt, 200, False
1741994786.1482868, REQUEST, 1, temp1.txt, 200, False
1741994786.1517968, REQUEST, 1, temp0.txt, 200, False
1741994786.155442, REQUEST, 1, temp1.txt, 200, False
1741994786.158986, REQUEST, 0, temp0.txt, 200, False
1741994786.1627636, REQUEST, 0, temp1.txt, 200, False
1741994786.1662412, REQUEST, 0, temp0.txt, 200, False
1741994786.1699755, REQUEST, 1, temp1.txt, 200, False
1741994786.1738174, REQUEST, 1, temp3.txt, 200, False
1741994786.1774168, REQUEST, 1, temp3.txt, 200, False
1741994786.1810176, REQUEST, 0, temp1.txt, 200, False
1741994786.1891668, REQUEST, 0, temp2.txt, 200, False
1741994786.192647, REQUEST, 1, temp0.txt, 200, False
1741994786.2006779, REQUEST, 1, temp2.txt, 200, False
1741994786.2044659, REQUEST, 0, temp3.txt, 200, False
1741994786.21266, REQUEST, 0, temp2.txt, 200, False
1741994786.21615, REQUEST, 1, temp0.txt, 200, False
1741994786.2196949, REQUEST, 1, temp0.txt, 200, False
1741994786.223336, REQUEST, 0, temp0.txt, 200, False
1741994786.231152, REQUEST, 1, temp2.txt, 200, False
1741994786.2346792, REQUEST, 0, temp0.txt, 200, False
1741994786.238358, REQUEST, 0, temp3.txt, 200, False
1741994786.241964, REQUEST, 0, temp3.txt, 200, False
1741994786.24586, REQUEST, 0, temp0.txt, 200, False
1741994786.2491786, REQUEST, 1, temp0.txt, 200, False
1741994786.2527366, REQUEST, 1, temp0.txt, 200, False
1741994786.2606595, REQUEST, 0, temp2.txt, 200, False
1741994786.264199, REQUEST, 0, temp0.txt, 200, False
1741994786.2722468, REQUEST, 1, temp2.txt, 200, False
1741994786.2760909, REQUEST, 0, temp1.txt, 200, False
1741994786.279666, REQUEST, 0, temp0.txt, 200, False
1741994786.2830553, REQUEST, 0, temp0.txt, 200, False
1741994786.2865233, REQUEST, 0, temp0.txt, 200, False
1741994786.2901173, REQUEST, 1, temp0.txt, 200, False
1741994786.293735, REQUEST, 1, temp3.txt, 200, False
1741994786.2972875, REQUEST, 1, temp0.txt, 200, False
1741994786.3369749, REQUEST, 0, temp4.txt, 200, False
1741994786.3408422, REQUEST, 1, temp1.txt, 200, False
1741994786.3488202, REQUEST, 0, temp2.txt, 200, False
1741994786.3566425, REQUEST, 0, temp2.txt, 200, False
1741994786.3601463, REQUEST, 1, temp1.txt, 200, False
1741994786.3637238, REQUEST, 0, temp3.txt, 200, False
1741994786.36742, REQUEST, 1, temp1.txt, 200, False
1741994786.37078, REQUEST, 1, temp0.txt, 200, False
1741994786.3741963, REQUEST, 1, temp0.txt, 200, False
1741994786.3777, REQUEST, 0, temp3.txt, 200, False
1741994786.3856702, REQUEST, 1, temp2.txt, 200, False
1741994786.3891501, REQUEST, 0, temp0.txt, 200, False
1741994786.3927453, REQUEST, 1, temp1.txt, 200, False
1741994786.3963037, REQUEST, 0, temp1.txt, 200, False
1741994786.4040732, REQUEST, 0, temp2.txt, 200, False
1741994786.4121358, REQUEST, 0, temp2.txt, 200, False
1741994786.4158423, REQUEST, 1, temp1.txt, 200, False
1741994786.4195368, REQUEST, 1, temp1.txt, 200, False
1741994786.4277682, REQUEST, 1, temp2.txt, 200, False
1741994786.4315445, REQUEST, 1, temp3.txt, 200, False
1741994786.4353325, REQUEST, 0, temp3.txt, 200, False
1741994786.4435346, REQUEST, 1, temp2.txt, 200, False
1741994786.4472942, REQUEST, 0, temp1.txt, 200, False
1741994786.4508634, REQUEST, 1, temp1.txt, 200, False
1741994786.4543982, REQUEST, 1, temp1.txt, 200, False
1741994786.457934, REQUEST, 0, temp0.txt, 200, False
1741994786.4615417, REQUEST, 1, temp3.txt, 200, False
1741994786.4650972, REQUEST, 0, temp0.txt, 200, False
1741994786.473078, REQUEST, 1, temp2.txt, 200, False
1741994786.476646, REQUEST, 1, temp0.txt, 200, False
1741994786.4801784, REQUEST, 0, temp0.txt, 200, False
1741994786.4838395, REQUEST, 1, temp0.txt, 200, False
1741994786.4875057, REQUEST, 0, temp1.txt, 200, False
1741994786.4912615, REQUEST, 1, temp1.txt, 200, False
1741994786.4948275, REQUEST, 0, temp0.txt, 200, False
1741994786.4983582, REQUEST, 0, temp0.txt, 200, False
1741994786.506344, REQUEST, 1, temp2.txt, 200, False
1741994786.5140681, REQUEST, 0, temp2.txt, 200, False
1741994786.5177252, REQUEST, 1, temp1.txt, 200, False
1741994786.525776, REQUEST, 1, temp2.txt, 200, False
1741994786.5293484, REQUEST, 0, temp0.txt, 200, False
1741994786.5329134, REQUEST, 0, temp1.txt, 200, False
1741994786.5365229, REQUEST, 0, temp3.txt, 200, False
1741994786.5401568, REQUEST, 0, temp3.txt, 200, False
1741994786.5436442, REQUEST, 0, temp0.txt, 200, False
1741994786.54722, REQUEST, 1, temp1.txt, 200, False
1741994786.5505931, REQUEST, 0, temp0.txt, 200, False
1741994786.554348, REQUEST, 0, temp1.txt, 200, False
1741994786.5579023, REQUEST, 1, temp3.txt, 200, False
1741994786.5613773, REQUEST, 0, temp0.txt, 200, False
1741994786.5650635, REQUEST, 1, temp3.txt, 200, False
1741994786.5683875, REQUEST, 1, temp0.txt, 200, False
1741994786.5718062, REQUEST, 1, temp0.txt, 200, False
1741994786.575605, REQUEST, 1, temp1.txt, 200, False
1741994786.5791216, REQUEST, 0, temp0.txt, 200, False
1741994786.5876403, REQUEST, 1, temp2.txt, 200, False
1741994786.5913525, REQUEST, 1, temp0.txt, 200, False
1741994786.5950089, REQUEST, 1, temp1.txt, 200, False
1741994786.5983806, REQUEST, 1, temp0.txt, 200, False
1741994786.60191, REQUEST, 1, temp0.txt, 200, False
1741994786.6053739, REQUEST, 1, temp0.txt, 200, False
1741994786.6139684, REQUEST, 1, temp2.txt, 200, False
1741994786.6175945, REQUEST, 0, temp1.txt, 200, False
1741994786.6214454, REQUEST, 0, temp0.txt, 200, False
1741994786.6251445, REQUEST, 0, temp1.txt, 200, False
1741994786.633309, REQUEST, 0, temp2.txt, 200, False
1741994786.6369843, REQUEST, 0, temp0.txt, 200, False
1741994786.6404483, REQUEST, 0, temp0.txt, 200, False
1741994786.6440914, REQUEST, 0, temp3.txt, 200, False
1741994786.6475787, REQUEST, 0, temp0.txt, 200, False
1741994786.651144, REQUEST, 0, temp0.txt, 200, False
1741994786.6545796, REQUEST, 1, temp0.txt, 200, False
1741994786.6581757, REQUEST, 0, temp1.txt, 200, False
1741994786.661582, REQUEST, 0, temp0.txt, 200, False
1741994786.665324, REQUEST, 0, temp1.txt, 200, False
1741994786.6689303, REQUEST, 1, temp1.txt, 200, False
1741994786.6771705, REQUEST, 1, temp2.txt, 200, False
1741994786.680875, REQUEST, 1, temp1.txt, 200, False
1741994786.6888893, REQUEST, 1, temp2.txt, 200, False
1741994786.6932888, REQUEST, 1, temp1.txt, 200, False
1741994786.696892, REQUEST, 1, temp0.txt, 200, False
1741994786.7003622, REQUEST, 0, temp0.txt, 200, False
1741994786.7038896, REQUEST, 0, temp0.txt, 200, False
1741994786.7075336, REQUEST, 0, temp1.txt, 200, False
1741994786.7109954, REQUEST, 1, temp3.txt, 200, False
1741994786.7141979, REQUEST, 1, temp0.txt, 200, False
1741994786.7217884, REQUEST, 0, temp2.txt, 200, False
1741994786.7299037, REQUEST, 1, temp2.txt, 200, False
1741994786.7337155, REQUEST, 0, temp1.txt, 200, False
1741994786.7373207, REQUEST, 1, temp0.txt, 200, False
1741994786.7410355, REQUEST, 0, temp0.txt, 200, False
1741994786.7445133, REQUEST, 1, temp0.txt, 200, False
1741994786.7481055, REQUEST, 0, temp1.txt, 200, False
1741994786.7516375, REQUEST, 1, temp0.txt, 200, False
1741994786.7554054, REQUEST, 1, temp3.txt, 200, False
1741994786.7590728, REQUEST, 0, temp0.txt, 200, False
1741994786.7627733, REQUEST, 0, temp0.txt, 200, False
1741994786.7711935, REQUEST, 1, temp2.txt, 200, False
1741994786.7747462, REQUEST, 0, temp0.txt, 200, False
1741994786.7783504, REQUEST, 0, temp1.txt, 200, False
1741994786.7820191, REQUEST, 1, temp1.txt, 200, False
1741994786.7898974, REQUEST, 0, temp2.txt, 200, False
1741994786.793512, REQUEST, 0, temp0.txt, 200, False
1741994786.7970324, REQUEST, 0, temp0.txt, 200, False
1741994786.80505, REQUEST, 1, temp2.txt, 200, False
1741994786.808867, REQUEST, 1, temp1.txt, 200, False
1741994786.8172433, REQUEST, 1, temp2.txt, 200, False
1741994786.8208518, REQUEST, 0, temp0.txt, 200, False
1741994786.8245938, REQUEST, 0, temp1.txt, 200, False
1741994786.8283944, REQUEST, 0, temp3.txt, 200, False
1741994786.83177, REQUEST, 0, temp1.txt, 200, False
1741994786.835148, REQUEST, 0, temp1.txt, 200, False
1741994786.8388023, REQUEST, 1, temp3.txt, 200, False
1741994786.8469777, REQUEST, 1, temp2.txt, 200, False
1741994786.854744, REQUEST, 1, temp2.txt, 200, False
1741994786.8624861, REQUEST, 0, temp2.txt, 200, False
1741994786.8661606, REQUEST, 1, temp0.txt, 200, False
1741994786.8698764, REQUEST, 0, temp0.txt, 200, False
1741994786.8734477, REQUEST, 0, temp0.txt, 200, False
1741994786.8772106, REQUEST, 0, temp1.txt, 200, False
1741994786.8809695, REQUEST, 1, temp1.txt, 200, False
1741994786.884521, REQUEST, 1, temp0.txt, 200, False
1741994786.8881729, REQUEST, 1, temp1.txt, 200, False
1741994786.8916621, REQUEST, 1, temp0.txt, 200, False
1741994786.899927, REQUEST, 1, temp2.txt, 200, False
1741994786.9034314, REQUEST, 0, temp0.txt, 200, False
1741994786.9071994, REQUEST, 0, temp0.txt, 200, False
1741994786.9108684, REQUEST, 0, temp1.txt, 200, False
1741994786.9507759, REQUEST, 1, temp4.txt, 200, False
1741994786.9545863, REQUEST, 0, temp1.txt, 200, False
1741994786.9630063, REQUEST, 0, temp2.txt, 200, False
1741994786.9666483, REQUEST, 0, temp0.txt, 200, False
1741994786.970318, REQUEST, 0, temp1.txt, 200, False
1741994786.9740229, REQUEST, 0, temp3.txt, 200, False
1741994786.9776502, REQUEST, 0, temp3.txt, 200, False
1741994786.9812057, REQUEST, 0, temp0.txt, 200, False
1741994786.9894671, REQUEST, 0, temp2.txt, 200, False
1741994786.9930062, REQUEST, 0, temp1.txt, 200, False
1741994787.0010557, REQUEST, 0, temp2.txt, 200, False
1741994787.00479, REQUEST, 1, temp1.txt, 200, False
1741994787.0084023, REQUEST, 0, temp1.txt, 200, False
1741994787.0120592, REQUEST, 1, temp3.txt, 200, False
1741994787.015743, REQUEST, 0, temp3.txt, 200, False
1741994787.0192525, REQUEST, 1, temp0.txt, 200, False
1741994787.0228727, REQUEST, 1, temp1.txt, 200, False
1741994787.0266764, REQUEST, 1, temp1.txt, 200, False
1741994787.0347779, REQUEST, 1, temp2.txt, 200, False
1741994787.038354, REQUEST, 1, temp0.txt, 200, False
1741994787.0776894, REQUEST, 1, temp4.txt, 200, False
1741994787.0816238, REQUEST, 0, temp1.txt, 200, False
1741994787.0853076, REQUEST, 1, temp1.txt, 200, False
1741994787.0889251, REQUEST, 1, temp0.txt, 200, False
1741994787.092888, REQUEST, 0, temp0.txt, 200, False
1741994787.0966387, REQUEST, 1, temp3.txt, 200, False
1741994787.1002717, REQUEST, 1, temp0.txt, 200, False
1741994787.103683, REQUEST, 1, temp0.txt, 200, False
1741994787.1114147, REQUEST, 0, temp2.txt, 200, False
1741994787.1150024, REQUEST, 1, temp1.txt, 200, False
1741994787.1185741, REQUEST, 0, temp3.txt, 200, False
1741994787.1222155, REQUEST, 1, temp1.txt, 200, False
1741994787.125834, REQUEST, 0, temp1.txt, 200, False
1741994787.129519, REQUEST, 0, temp1.txt, 200, False
1741994787.1331868, REQUEST, 0, temp0.txt, 200, False
1741994787.1367016, REQUEST, 1, temp0.txt, 200, False
1741994787.1403291, REQUEST, 0, temp3.txt, 200, False
1741994787.1438725, REQUEST, 1, temp0.txt, 200, False
1741994787.1518695, REQUEST, 0, temp2.txt, 200, False
1741994787.1553645, REQUEST, 0, temp0.txt, 200, False
1741994787.1590343, REQUEST, 0, temp1.txt, 200, False
1741994787.1630156, REQUEST, 1, temp3.txt, 200, False
1741994787.1713276, REQUEST, 1, temp2.txt, 200, False
1741994787.175737, REQUEST, 1, temp1.txt, 200, False
1741994787.18407, REQUEST, 1, temp2.txt, 200, False
1741994787.1876273, REQUEST, 1, temp3.txt, 200, False
1741994787.191251, REQUEST, 1, temp1.txt, 200, False
1741994787.1947765, REQUEST, 1, temp0.txt, 200, False
1741994787.1984236, REQUEST, 0, temp0.txt, 200, False
1741994787.202041, REQUEST, 1, temp1.txt, 200, False
1741994787.205523, REQUEST, 1, temp0.txt, 200, False
1741994787.2454216, REQUEST, 1, temp4.txt, 200, False
1741994787.2494588, REQUEST, 1, temp1.txt, 200, False
1741994787.2576396, REQUEST, 0, temp2.txt, 200, False
1741994787.2614894, REQUEST, 0, temp1.txt, 200, False
1741994787.2693026, REQUEST, 1, temp2.txt, 200, False
1741994787.2770514, REQUEST, 1, temp2.txt, 200, False
1741994787.2809112, REQUEST, 0, temp1.txt, 200, False
1741994787.2847266, REQUEST, 0, temp3.txt, 200, False
1741994787.293081, REQUEST, 0, temp2.txt, 200, False
1741994787.2968452, REQUEST, 0, temp3.txt, 200, False
1741994787.3003666, REQUEST, 1, temp0.txt, 200, False
1741994787.3037894, REQUEST, 1, temp0.txt, 200, False
1741994787.3120735, REQUEST, 1, temp2.txt, 200, False
1741994787.3198607, REQUEST, 1, temp2.txt, 200, False
1741994787.3234668, REQUEST, 1, temp1.txt, 200, False
1741994787.3268366, REQUEST, 1, temp0.txt, 200, False
1741994787.33046, REQUEST, 1, temp3.txt, 200, False
1741994787.3385818, REQUEST, 1, temp2.txt, 200, False
1741994787.3421752, REQUEST, 0, temp0.txt, 200, False
1741994787.3459666, REQUEST, 0, temp0.txt, 200, False
1741994787.3493237, REQUEST, 0, temp0.txt, 200, False
1741994787.3571315, REQUEST, 1, temp2.txt, 200, False
1741994787.3608208, REQUEST, 0, temp3.txt, 200, False
1741994787.3642585, REQUEST, 0, temp0.txt, 200, False
1741994787.3677402, REQUEST, 1, temp0.txt, 200, False
1741994787.3715527, REQUEST, 0, temp1.txt, 200, False
1741994787.3751326, REQUEST, 1, temp1.txt, 200, False
1741994787.378761, REQUEST, 0, temp1.txt, 200, False
1741994787.3822174, REQUEST, 1, temp0.txt, 200, False
1741994787.3859274, REQUEST, 1, temp3.txt, 200, False
1741994787.3941665, REQUEST, 1, temp2.txt, 200, False
1741994787.3977468, REQUEST, 1, temp0.txt, 200, False
1741994787.4013102, REQUEST, 0, temp3.txt, 200, False
1741994787.4090667, REQUEST, 1, temp2.txt, 200, False
1741994787.4127831, REQUEST, 0, temp3.txt, 200, False
1741994787.4164379, REQUEST, 1, temp1.txt, 200, False
1741994787.4201217, REQUEST, 0, temp1.txt, 200, False
1741994787.423779, REQUEST, 0, temp1.txt, 200, False
1741994787.4273953, REQUEST, 1, temp0.txt, 200, False
1741994787.4311633, REQUEST, 1, temp1.txt, 200, False
1741994787.4347587, REQUEST, 0, temp1.txt, 200, False
1741994787.4381056, REQUEST, 0, temp0.txt, 200, False
1741994787.4416122, REQUEST, 1, temp0.txt, 200, False
1741994787.445278, REQUEST, 1, temp0.txt, 200, False
1741994787.4487367, REQUEST, 0, temp0.txt, 200, False
1741994787.4525225, REQUEST, 0, temp1.txt, 200, False
1741994787.4560542, REQUEST, 1, temp0.txt, 200, False
1741994787.4641407, REQUEST, 0, temp2.txt, 200, False
1741994787.4677153, REQUEST, 1, temp3.txt, 200, False
1741994787.4713676, REQUEST, 0, temp1.txt, 200, False
1741994787.4749897, REQUEST, 0, temp1.txt, 200, False
1741994787.4785826, REQUEST, 0, temp1.txt, 200, False
1741994787.4821432, REQUEST, 1, temp1.txt, 200, False
1741994787.4855998, REQUEST, 1, temp0.txt, 200, False
1741994787.4891224, REQUEST, 1, temp0.txt, 200, False
1741994787.4926882, REQUEST, 0, temp0.txt, 200, False
1741994787.4960964, REQUEST, 1, temp0.txt, 200, False
1741994787.4996376, REQUEST, 0, temp0.txt, 200, False
1741994787.5081174, REQUEST, 0, temp2.txt, 200, False
1741994787.5119832, REQUEST, 1, temp1.txt, 200, False
1741994787.5196078, REQUEST, 0, temp2.txt, 200, False
1741994787.5234573, REQUEST, 1, temp3.txt, 200, False
1741994787.527102, REQUEST, 0, temp3.txt, 200, False
1741994787.530639, REQUEST, 0, temp0.txt, 200, False
1741994787.5343118, REQUEST, 0, temp1.txt, 200, False
1741994787.5378137, REQUEST, 0, temp0.txt, 200, False
1741994787.541452, REQUEST, 1, temp1.txt, 200, False
1741994787.5449646, REQUEST, 0, temp0.txt, 200, False
1741994787.5485508, REQUEST, 0, temp1.txt, 200, False
1741994787.556851, REQUEST, 1, temp2.txt, 200, False
1741994787.564899, REQUEST, 0, temp2.txt, 200, False
1741994787.5686607, REQUEST, 0, temp1.txt, 200, False
1741994787.5721483, REQUEST, 1, temp0.txt, 200, False
1741994787.5758288, REQUEST, 1, temp1.txt, 200, False
1741994787.5839932, REQUEST, 1, temp2.txt, 200, False
1741994787.5876932, REQUEST, 1, temp3.txt, 200, False
1741994787.5913126, REQUEST, 0, temp1.txt, 200, False
1741994787.5949893, REQUEST, 0, temp0.txt, 200, False
1741994787.5986218, REQUEST, 0, temp1.txt, 200, False
1741994787.6020327, REQUEST, 0, temp3.txt, 200, False
1741994787.6055992, REQUEST, 0, temp0.txt, 200, False
1741994787.614041, REQUEST, 0, temp2.txt, 200, False
1741994787.6176279, REQUEST, 1, temp1.txt, 200, False
1741994787.6210783, REQUEST, 1, temp1.txt, 200, False
1741994787.6286778, REQUEST, 0, temp2.txt, 200, False
1741994787.66787, REQUEST, 1, temp4.txt, 200, False
1741994787.6760545, REQUEST, 0, temp2.txt, 200, False
1741994787.6796765, REQUEST, 1, temp3.txt, 200, False
1741994787.6878383, REQUEST, 1, temp2.txt, 200, False
1741994787.691686, REQUEST, 0, temp1.txt, 200, False
1741994787.6953108, REQUEST, 0, temp3.txt, 200, False
1741994787.6988182, REQUEST, 1, temp0.txt, 200, False
1741994787.7024388, REQUEST, 1, temp3.txt, 200, False
1741994787.7061372, REQUEST, 0, temp1.txt, 200, False
1741994787.7466965, REQUEST, 1, temp4.txt, 200, False
1741994787.7504349, REQUEST, 1, temp1.txt, 200, False
1741994787.7540329, REQUEST, 0, temp1.txt, 200, False
1741994787.794932, REQUEST, 1, temp4.txt, 200, False
1741994787.7987783, REQUEST, 1, temp1.txt, 200, False
1741994787.8024747, REQUEST, 1, temp1.txt, 200, False
1741994787.8060272, REQUEST, 1, temp0.txt, 200, False
1741994787.814089, REQUEST, 0, temp2.txt, 200, False
1741994787.8177018, REQUEST, 1, temp0.txt, 200, False
1741994787.8211823, REQUEST, 1, temp0.txt, 200, False
1741994787.82897, REQUEST, 0, temp2.txt, 200, False
1741994787.8371062, REQUEST, 0, temp2.txt, 200, False
1741994787.8405373, REQUEST, 1, temp1.txt, 200, False
1741994787.8478065, REQUEST, 0, temp2.txt, 200, False
1741994787.8514216, REQUEST, 0, temp0.txt, 200, False
1741994787.8595765, REQUEST, 0, temp2.txt, 200, False
1741994787.8675094, REQUEST, 0, temp2.txt, 200, False
1741994787.8811064, REQUEST, 0, temp2.txt, 200, False
1741994787.8844736, REQUEST, 0, temp1.txt, 200, False
1741994787.893888, REQUEST, 0, temp2.txt, 200, False
1741994787.942074, REQUEST, 1, temp0.txt, 200, False
1741994787.9475873, REQUEST, 0, temp0.txt, 200, False
1741994787.9551222, REQUEST, 1, temp2.txt, 200, False
1741994787.9586024, REQUEST, 1, temp3.txt, 200, False
1741994787.962183, REQUEST, 1, temp0.txt, 200, False
1741994787.9655697, REQUEST, 0, temp0.txt, 200, False
1741994787.969022, REQUEST, 1, temp0.txt, 200, False
1741994787.9724293, REQUEST, 1, temp3.txt, 200, False
1741994787.975897, REQUEST, 0, temp0.txt, 200, False
1741994787.983809, REQUEST, 1, temp2.txt, 200, False
1741994788.0216932, REQUEST, 0, temp4.txt, 200, False
1741994788.0252979, REQUEST, 1, temp0.txt, 200, False
1741994788.0288131, REQUEST, 0, temp1.txt, 200, False
1741994788.032307, REQUEST, 1, temp0.txt, 200, False
1741994788.035893, REQUEST, 0, temp1.txt, 200, False
1741994788.0393412, REQUEST, 1, temp1.txt, 200, False
1741994788.042773, REQUEST, 1, temp1.txt, 200, False
1741994788.04611, REQUEST, 1, temp0.txt, 200, False
1741994788.0493464, REQUEST, 0, temp0.txt, 200, False
1741994788.052742, REQUEST, 0, temp0.txt, 200, False
1741994788.056063, REQUEST, 1, temp1.txt, 200, False
1741994788.0594614, REQUEST, 1, temp0.txt, 200, False
1741994788.0627198, REQUEST, 0, temp0.txt, 200, False
1741994788.0660546, REQUEST, 0, temp1.txt, 200, False
1741994788.0734575, REQUEST, 1, temp2.txt, 200, False
1741994788.0766745, REQUEST, 1, temp0.txt, 200, False
1741994788.084368, REQUEST, 1, temp2.txt, 200, False
1741994788.0876915, REQUEST, 0, temp0.txt, 200, False
1741994788.0911872, REQUEST, 0, temp1.txt, 200, False
1741994788.0989192, REQUEST, 1, temp2.txt, 200, False
1741994788.102569, REQUEST, 0, temp0.txt, 200, False
1741994788.1058936, REQUEST, 0, temp0.txt, 200, False
1741994788.109427, REQUEST, 0, temp1.txt, 200, False
1741994788.1173236, REQUEST, 0, temp2.txt, 200, False
1741994788.1215985, REQUEST, 0, temp0.txt, 200, False
1741994788.1250985, REQUEST, 1, temp0.txt, 200, False
1741994788.128913, REQUEST, 1, temp0.txt, 200, False
1741994788.1323714, REQUEST, 1, temp1.txt, 200, False
1741994788.1354148, REQUEST, 0, temp0.txt, 200, False
1741994788.138782, REQUEST, 0, temp1.txt, 200, False
1741994788.1421647, REQUEST, 1, temp1.txt, 200, False
1741994788.145704, REQUEST, 0, temp3.txt, 200, False
1741994788.1491299, REQUEST, 0, temp1.txt, 200, False
1741994788.15243, REQUEST, 0, temp0.txt, 200, False
1741994788.155884, REQUEST, 1, temp0.txt, 200, False
1741994788.1638203, REQUEST, 0, temp2.txt, 200, False
1741994788.166991, REQUEST, 0, temp0.txt, 200, False
1741994788.1703904, REQUEST, 1, temp1.txt, 200, False
1741994788.1776786, REQUEST, 0, temp2.txt, 200, False
1741994788.1810915, REQUEST, 1, temp0.txt, 200, False
1741994788.1844392, REQUEST, 1, temp0.txt, 200, False
1741994788.1878476, REQUEST, 0, temp1.txt, 200, False
1741994788.1950917, REQUEST, 0, temp2.txt, 200, False
1741994788.1993167, REQUEST, 0, temp1.txt, 200, False
1741994788.2026548, REQUEST, 1, temp1.txt, 200, False
1741994788.2061076, REQUEST, 0, temp0.txt, 200, False
1741994788.2094839, REQUEST, 1, temp0.txt, 200, False
1741994788.2129858, REQUEST, 0, temp1.txt, 200, False
1741994788.2163644, REQUEST, 1, temp0.txt, 200, False
1741994788.2197027, REQUEST, 1, temp0.txt, 200, False
1741994788.2233205, REQUEST, 0, temp1.txt, 200, False
1741994788.2310007, REQUEST, 0, temp2.txt, 200, False
1741994788.2344034, REQUEST, 1, temp1.txt, 200, False
1741994788.2379658, REQUEST, 0, temp3.txt, 200, False
1741994788.2414393, REQUEST, 0, temp3.txt, 200, False
1741994788.2446349, REQUEST, 1, temp0.txt, 200, False
1741994788.2480128, REQUEST, 0, temp0.txt, 200, False
1741994788.2559388, REQUEST, 0, temp2.txt, 200, False
1741994788.2593248, REQUEST, 1, temp0.txt, 200, False
1741994788.2628064, REQUEST, 1, temp1.txt, 200, False
1741994788.2701373, REQUEST, 1, temp2.txt, 200, False
1741994788.2735937, REQUEST, 1, temp0.txt, 200, False
1741994788.2771063, REQUEST, 1, temp3.txt, 200, False
1741994788.284318, REQUEST, 0, temp2.txt, 200, False
1741994788.2876472, REQUEST, 1, temp0.txt, 200, False
1741994788.2909858, REQUEST, 0, temp0.txt, 200, False
1741994788.2944415, REQUEST, 1, temp3.txt, 200, False
1741994788.2979386, REQUEST, 0, temp3.txt, 200, False
1741994788.3012807, REQUEST, 0, temp0.txt, 200, False
1741994788.3047128, REQUEST, 0, temp3.txt, 200, False
1741994788.3080533, REQUEST, 1, temp0.txt, 200, False
1741994788.3113613, REQUEST, 0, temp0.txt, 200, False
1741994788.3147619, REQUEST, 1, temp0.txt, 200, False
1741994788.3183324, REQUEST, 1, temp3.txt, 200, False
1741994788.321837, REQUEST, 1, temp1.txt, 200, False
1741994788.325202, REQUEST, 0, temp0.txt, 200, False
1741994788.3283827, REQUEST, 0, temp0.txt, 200, False
1741994788.3324468, REQUEST, 0, temp1.txt, 200, False
1741994788.3357735, REQUEST, 1, temp0.txt, 200, False
1741994788.3393505, REQUEST, 0, temp1.txt, 200, False
1741994788.343174, REQUEST, 0, temp1.txt, 200, False
1741994788.346582, REQUEST, 0, temp0.txt, 200, False
1741994788.3548148, REQUEST, 0, temp2.txt, 200, False
1741994788.3582954, REQUEST, 0, temp0.txt, 200, False
1741994788.361669, REQUEST, 1, temp0.txt, 200, False
1741994788.3650928, REQUEST, 1, temp1.txt, 200, False
1741994788.3686182, REQUEST, 1, temp1.txt, 200, False
1741994788.3719776, REQUEST, 0, temp0.txt, 200, False
1741994788.379883, REQUEST, 1, temp2.txt, 200, False
1741994788.3831463, REQUEST, 1, temp0.txt, 200, False
1741994788.386632, REQUEST, 0, temp1.txt, 200, False
1741994788.3900561, REQUEST, 1, temp1.txt, 200, False
1741994788.3933318, REQUEST, 1, temp0.txt, 200, False
1741994788.400918, REQUEST, 0, temp2.txt, 200, False
1741994788.408743, REQUEST, 0, temp2.txt, 200, False
1741994788.412199, REQUEST, 1, temp0.txt, 200, False
1741994788.4156034, REQUEST, 1, temp3.txt, 200, False
1741994788.418775, REQUEST, 1, temp0.txt, 200, False
1741994788.4217951, REQUEST, 0, temp0.txt, 200, False
1741994788.4295614, REQUEST, 0, temp2.txt, 200, False
1741994788.4330587, REQUEST, 1, temp3.txt, 200, False
1741994788.4368145, REQUEST, 1, temp0.txt, 200, False
1741994788.440266, REQUEST, 1, temp1.txt, 200, False
1741994788.4436753, REQUEST, 0, temp0.txt, 200, False
1741994788.4471443, REQUEST, 0, temp1.txt, 200, False
1741994788.450758, REQUEST, 1, temp1.txt, 200, False
1741994788.4542704, REQUEST, 0, temp1.txt, 200, False
1741994788.4575763, REQUEST, 0, temp0.txt, 200, False
1741994788.4610236, REQUEST, 0, temp1.txt, 200, False
1741994788.4645631, REQUEST, 1, temp3.txt, 200, False
1741994788.4678395, REQUEST, 0, temp0.txt, 200, False
1741994788.471101, REQUEST, 0, temp0.txt, 200, False
1741994788.4785194, REQUEST, 0, temp2.txt, 200, False
1741994788.482015, REQUEST, 0, temp3.txt, 200, False
1741994788.486226, REQUEST, 0, temp3.txt, 200, False
1741994788.4938846, REQUEST, 0, temp2.txt, 200, False
1741994788.4980035, REQUEST, 1, temp1.txt, 200, False
1741994788.5013669, REQUEST, 1, temp1.txt, 200, False
1741994788.5048413, REQUEST, 0, temp3.txt, 200, False
1741994788.5083847, REQUEST, 1, temp1.txt, 200, False
1741994788.5118375, REQUEST, 1, temp1.txt, 200, False
1741994788.5153825, REQUEST, 0, temp1.txt, 200, False
1741994788.5191796, REQUEST, 1, temp3.txt, 200, False
1741994788.5225651, REQUEST, 1, temp0.txt, 200, False
1741994788.5260134, REQUEST, 0, temp3.txt, 200, False
1741994788.5293534, REQUEST, 0, temp0.txt, 200, False
1741994788.532898, REQUEST, 1, temp1.txt, 200, False
1741994788.5364344, REQUEST, 0, temp1.txt, 200, False
1741994788.5447466, REQUEST, 1, temp2.txt, 200, False
1741994788.5481744, REQUEST, 0, temp1.txt, 200, False
1741994788.5516992, REQUEST, 0, temp1.txt, 200, False
1741994788.5597527, REQUEST, 0, temp2.txt, 200, False
1741994788.5633426, REQUEST, 0, temp0.txt, 200, False
1741994788.5713851, REQUEST, 1, temp2.txt, 200, False
1741994788.578956, REQUEST, 0, temp2.txt, 200, False
1741994788.5826418, REQUEST, 0, temp1.txt, 200, False
1741994788.5864112, REQUEST, 0, temp1.txt, 200, False
1741994788.5898986, REQUEST, 1, temp3.txt, 200, False
1741994788.5934045, REQUEST, 0, temp3.txt, 200, False
1741994788.6324608, REQUEST, 1, temp4.txt, 200, False
1741994788.636369, REQUEST, 1, temp1.txt, 200, False
1741994788.6399634, REQUEST, 0, temp1.txt, 200, False
1741994788.643575, REQUEST, 1, temp1.txt, 200, False
1741994788.6470876, REQUEST, 0, temp1.txt, 200, False
1741994788.6550703, REQUEST, 0, temp2.txt, 200, False
1741994788.658772, REQUEST, 1, temp1.txt, 200, False
1741994788.662174, REQUEST, 0, temp0.txt, 200, False
1741994788.6654983, REQUEST, 1, temp0.txt, 200, False
1741994788.669105, REQUEST, 1, temp1.txt, 200, False
1741994788.6726346, REQUEST, 1, temp0.txt, 200, False
1741994788.680564, REQUEST, 1, temp2.txt, 200, False
1741994788.684098, REQUEST, 1, temp3.txt, 200, False
1741994788.7222793, REQUEST, 1, temp4.txt, 200, False
1741994788.7259963, REQUEST, 0, temp1.txt, 200, False
1741994788.7295697, REQUEST, 0, temp0.txt, 200, False
1741994788.7375238, REQUEST, 0, temp2.txt, 200, False
1741994788.741065, REQUEST, 1, temp0.txt, 200, False
1741994788.7447226, REQUEST, 1, temp1.txt, 200, False
1741994788.7482948, REQUEST, 0, temp1.txt, 200, False
1741994788.7517002, REQUEST, 0, temp1.txt, 200, False
1741994788.7551775, REQUEST, 1, temp1.txt, 200, False
1741994788.7586515, REQUEST, 1, temp0.txt, 200, False
1741994788.766664, REQUEST, 1, temp2.txt, 200, False
1741994788.7699041, REQUEST, 1, temp0.txt, 200, False
1741994788.7772443, REQUEST, 0, temp2.txt, 200, False
1741994788.7856727, REQUEST, 1, temp2.txt, 200, False
1741994788.7891514, REQUEST, 1, temp3.txt, 200, False
1741994788.792707, REQUEST, 0, temp1.txt, 200, False
1741994788.7961988, REQUEST, 0, temp0.txt, 200, False
1741994788.8041797, REQUEST, 1, temp2.txt, 200, False
1741994788.8076904, REQUEST, 0, temp1.txt, 200, False
1741994788.811167, REQUEST, 0, temp1.txt, 200, False
1741994788.819221, REQUEST, 1, temp2.txt, 200, False
1741994788.8227975, REQUEST, 1, temp0.txt, 200, False
1741994788.8263922, REQUEST, 0, temp3.txt, 200, False
1741994788.8340464, REQUEST, 1, temp2.txt, 200, False
1741994788.8377612, REQUEST, 0, temp1.txt, 200, False
1741994788.8412054, REQUEST, 1, temp0.txt, 200, False
1741994788.84891, REQUEST, 0, temp2.txt, 200, False
1741994788.852499, REQUEST, 0, temp1.txt, 200, False
1741994788.8559172, REQUEST, 1, temp1.txt, 200, False
1741994788.8640082, REQUEST, 0, temp2.txt, 200, False
1741994788.867462, REQUEST, 1, temp0.txt, 200, False
1741994788.8708448, REQUEST, 1, temp1.txt, 200, False
1741994788.874346, REQUEST, 0, temp0.txt, 200, False
1741994788.882021, REQUEST, 1, temp2.txt, 200, False
1741994788.8857477, REQUEST, 1, temp1.txt, 200, False
1741994788.8935146, REQUEST, 1, temp2.txt, 200, False
1741994788.9011424, REQUEST, 0, temp2.txt, 200, False
1741994788.904731, REQUEST, 1, temp1.txt, 200, False
1741994788.9083717, REQUEST, 1, temp0.txt, 200, False
1741994788.911956, REQUEST, 1, temp1.txt, 200, False
1741994788.9155517, REQUEST, 0, temp3.txt, 200, False
1741994788.9191828, REQUEST, 1, temp1.txt, 200, False
1741994788.922684, REQUEST, 0, temp1.txt, 200, False
1741994788.9263217, REQUEST, 0, temp3.txt, 200, False
1741994788.9298215, REQUEST, 1, temp0.txt, 200, False
1741994788.9335475, REQUEST, 0, temp0.txt, 200, False
1741994788.941636, REQUEST, 0, temp2.txt, 200, False
1741994788.9453537, REQUEST, 0, temp3.txt, 200, False
1741994788.9488862, REQUEST, 1, temp0.txt, 200, False
1741994788.9529116, REQUEST, 0, temp0.txt, 200, False
1741994788.9566631, REQUEST, 0, temp3.txt, 200, False
1741994788.9648042, REQUEST, 0, temp2.txt, 200, False
1741994788.9687085, REQUEST, 1, temp0.txt, 200, False
1741994788.9723935, REQUEST, 0, temp0.txt, 200, False
1741994788.976054, REQUEST, 0, temp3.txt, 200, False
1741994788.9797351, REQUEST, 1, temp1.txt, 200, False
1741994788.9833934, REQUEST, 1, temp1.txt, 200, False
1741994788.9870772, REQUEST, 1, temp1.txt, 200, False
1741994788.9906757, REQUEST, 0, temp0.txt, 200, False
1741994789.0296357, REQUEST, 1, temp4.txt, 200, False
1741994789.033411, REQUEST, 1, temp1.txt, 200, False
1741994789.037061, REQUEST, 0, temp3.txt, 200, False
1741994789.0407097, REQUEST, 0, temp1.txt, 200, False
1741994789.0444381, REQUEST, 0, temp1.txt, 200, False
1741994789.048021, REQUEST, 1, temp0.txt, 200, False
1741994789.0517166, REQUEST, 0, temp0.txt, 200, False
1741994789.0553002, REQUEST, 0, temp0.txt, 200, False
1741994789.0590668, REQUEST, 1, temp3.txt, 200, False
1741994789.0626078, REQUEST, 0, temp0.txt, 200, False
1741994789.0664432, REQUEST, 0, temp1.txt, 200, False
1741994789.0700886, REQUEST, 1, temp1.txt, 200, False
1741994789.0736382, REQUEST, 1, temp0.txt, 200, False
1741994789.077071, REQUEST, 1, temp0.txt, 200, False
1741994789.0805774, REQUEST, 0, temp1.txt, 200, False
1741994789.0840633, REQUEST, 1, temp0.txt, 200, False
1741994789.0917208, REQUEST, 1, temp2.txt, 200, False
1741994789.0990007, REQUEST, 1, temp2.txt, 200, False
1741994789.1026955, REQUEST, 0, temp1.txt, 200, False
1741994789.1063373, REQUEST, 0, temp1.txt, 200, False
1741994789.109718, REQUEST, 0, temp0.txt, 200, False
1741994789.117896, REQUEST, 0, temp2.txt, 200, False
1741994789.1257308, REQUEST, 0, temp2.txt, 200, False
1741994789.1294553, REQUEST, 0, temp0.txt, 200, False
1741994789.1331208, REQUEST, 1, temp1.txt, 200, False
1741994789.1366432, REQUEST, 1, temp1.txt, 200, False
1741994789.1444144, REQUEST, 0, temp2.txt, 200, False
1741994789.148176, REQUEST, 1, temp1.txt, 200, False
1741994789.1517448, REQUEST, 0, temp1.txt, 200, False
1741994789.155341, REQUEST, 1, temp1.txt, 200, False
1741994789.158959, REQUEST, 1, temp1.txt, 200, False
1741994789.167097, REQUEST, 0, temp2.txt, 200, False
1741994789.2069192, REQUEST, 0, temp4.txt, 200, False
1741994789.2106414, REQUEST, 0, temp0.txt, 200, False
1741994789.2143393, REQUEST, 1, temp1.txt, 200, False
1741994789.217832, REQUEST, 1, temp0.txt, 200, False
1741994789.2260823, REQUEST, 0, temp2.txt, 200, False
1741994789.2344518, REQUEST, 0, temp2.txt, 200, False
1741994789.2421575, REQUEST, 1, temp2.txt, 200, False
1741994789.2500703, REQUEST, 0, temp2.txt, 200, False
1741994789.2535713, REQUEST, 0, temp0.txt, 200, False
1741994789.257485, REQUEST, 1, temp1.txt, 200, False
1741994789.2657037, REQUEST, 0, temp2.txt, 200, False
1741994789.2693589, REQUEST, 1, temp0.txt, 200, False
1741994789.2728097, REQUEST, 1, temp0.txt, 200, False
1741994789.2808955, REQUEST, 1, temp2.txt, 200, False
1741994789.284637, REQUEST, 0, temp3.txt, 200, False
1741994789.288292, REQUEST, 1, temp3.txt, 200, False
1741994789.2919812, REQUEST, 1, temp1.txt, 200, False
1741994789.299928, REQUEST, 1, temp2.txt, 200, False
1741994789.3036683, REQUEST, 0, temp1.txt, 200, False
1741994789.3072886, REQUEST, 1, temp1.txt, 200, False
1741994789.3110242, REQUEST, 1, temp3.txt, 200, False
1741994789.3191726, REQUEST, 1, temp2.txt, 200, False
1741994789.3271449, REQUEST, 0, temp2.txt, 200, False
1741994789.3308575, REQUEST, 0, temp1.txt, 200, False
1741994789.334482, REQUEST, 1, temp0.txt, 200, False
1741994789.3379111, REQUEST, 1, temp0.txt, 200, False
1741994789.341334, REQUEST, 1, temp0.txt, 200, False
1741994789.3450508, REQUEST, 0, temp0.txt, 200, False
1741994789.348741, REQUEST, 0, temp1.txt, 200, False
1741994789.352274, REQUEST, 1, temp1.txt, 200, False
1741994789.3559058, REQUEST, 0, temp1.txt, 200, False
1741994789.359899, REQUEST, 1, temp3.txt, 200, False
1741994789.3633733, REQUEST, 1, temp0.txt, 200, False
1741994789.3670993, REQUEST, 0, temp1.txt, 200, False
1741994789.3704789, REQUEST, 1, temp0.txt, 200, False
1741994789.3741338, REQUEST, 1, temp1.txt, 200, False
1741994789.3778017, REQUEST, 0, temp1.txt, 200, False
1741994789.4170158, REQUEST, 0, temp4.txt, 200, False
1741994789.420848, REQUEST, 1, temp1.txt, 200, False
1741994789.424417, REQUEST, 0, temp1.txt, 200, False
1741994789.4279904, REQUEST, 0, temp1.txt, 200, False
1741994789.4315996, REQUEST, 0, temp0.txt, 200, False
1741994789.4701898, REQUEST, 1, temp4.txt, 200, False
1741994789.5086775, REQUEST, 1, temp4.txt, 200, False
1741994789.5123265, REQUEST, 1, temp1.txt, 200, False
1741994789.5158072, REQUEST, 1, temp1.txt, 200, False
1741994789.5194745, REQUEST, 0, temp1.txt, 200, False
1741994789.5228074, REQUEST, 1, temp0.txt, 200, False
1741994789.526328, REQUEST, 0, temp1.txt, 200, False
1741994789.5298853, REQUEST, 0, temp1.txt, 200, False
1741994789.5379834, REQUEST, 0, temp2.txt, 200, False
1741994789.5413415, REQUEST, 1, temp1.txt, 200, False
1741994789.5449648, REQUEST, 1, temp1.txt, 200, False
1741994789.5483644, REQUEST, 0, temp1.txt, 200, False
1741994789.5517166, REQUEST, 0, temp0.txt, 200, False
1741994789.555382, REQUEST, 0, temp3.txt, 200, False
1741994789.5627913, REQUEST, 0, temp2.txt, 200, False
1741994789.5684955, REQUEST, 0, temp0.txt, 200, False
1741994789.609808, REQUEST, 0, temp4.txt, 200, False
1741994789.6140494, REQUEST, 1, temp3.txt, 200, False
1741994789.6217098, REQUEST, 1, temp2.txt, 200, False
1741994789.6254656, REQUEST, 1, temp1.txt, 200, False
1741994789.628854, REQUEST, 0, temp1.txt, 200, False
1741994789.636232, REQUEST, 1, temp2.txt, 200, False
1741994789.639613, REQUEST, 1, temp1.txt, 200, False
1741994789.6431289, REQUEST, 1, temp1.txt, 200, False
1741994789.6466696, REQUEST, 1, temp0.txt, 200, False
1741994789.6503086, REQUEST, 1, temp3.txt, 200, False
1741994789.6539056, REQUEST, 0, temp3.txt, 200, False
1741994789.6621015, REQUEST, 0, temp2.txt, 200, False
1741994789.6700838, REQUEST, 1, temp2.txt, 200, False
1741994789.6736052, REQUEST, 1, temp0.txt, 200, False
1741994789.677165, REQUEST, 1, temp1.txt, 200, False
1741994789.6806421, REQUEST, 1, temp3.txt, 200, False
1741994789.6886203, REQUEST, 0, temp2.txt, 200, False
1741994789.6921058, REQUEST, 0, temp1.txt, 200, False
1741994789.6954563, REQUEST, 0, temp0.txt, 200, False
1741994789.699142, REQUEST, 1, temp3.txt, 200, False
1741994789.7070026, REQUEST, 1, temp2.txt, 200, False
1741994789.7105029, REQUEST, 1, temp1.txt, 200, False
1741994789.7138937, REQUEST, 0, temp0.txt, 200, False
1741994789.7218778, REQUEST, 0, temp2.txt, 200, False
1741994789.729632, REQUEST, 1, temp2.txt, 200, False
1741994789.7331488, REQUEST, 0, temp1.txt, 200, False
1741994789.7366817, REQUEST, 0, temp1.txt, 200, False
1741994789.7402465, REQUEST, 0, temp0.txt, 200, False
1741994789.7437906, REQUEST, 1, temp0.txt, 200, False
1741994789.7517693, REQUEST, 0, temp2.txt, 200, False
1741994789.759832, REQUEST, 0, temp2.txt, 200, False
1741994789.7634962, REQUEST, 1, temp1.txt, 200, False
1741994789.7670586, REQUEST, 1, temp3.txt, 200, False
1741994789.7706237, REQUEST, 1, temp0.txt, 200, False
1741994789.7740312, REQUEST, 0, temp0.txt, 200, False
1741994789.7745144, UNLOAD, temp0.txt
1741994789.7748497, UNLOAD, temp1.txt
1741994789.7751944, UNLOAD, temp2.txt
1741994789.7755377, UNLOAD, temp3.txt
1741994789.7760642, UNLOAD, temp4.txt
